{"cameraMode":{"drawMode":0,"name":"Shaded","section":"Shading Mode"},"sceneLighting":false,"audioPlay":false,"sceneViewState":{"showFog":true,"showMaterialUpdate":false,"showSkybox":false,"showFlares":true,"showImageEffects":true,"showParticleSystems":true},"in2DMode":false,"pivot":{"x":-0.09614336490631104,"y":1.733269453048706,"z":-0.04642770439386368},"rotation":{"x":0.17590025067329408,"y":-0.34896835684776308,"z":0.06688632816076279,"w":0.9180809855461121},"size":7.341946125030518,"orthographic":false}