{"cameraMode":{"drawMode":0,"name":"Shaded","section":"Shading Mode"},"sceneLighting":true,"audioPlay":false,"sceneViewState":{"showFog":true,"showMaterialUpdate":false,"showSkybox":true,"showFlares":true,"showImageEffects":true,"showParticleSystems":true},"in2DMode":false,"pivot":{"x":-10.352335929870606,"y":-4.175295829772949,"z":-15.303718566894532},"rotation":{"x":-0.07254203408956528,"y":0.9215106964111328,"z":-0.20976197719573975,"w":-0.318750262260437},"size":24.125808715820314,"orthographic":false}