{"cameraMode":{"drawMode":0,"name":"Shaded","section":"Shading Mode"},"sceneLighting":true,"audioPlay":false,"sceneViewState":{"showFog":true,"showMaterialUpdate":false,"showSkybox":true,"showFlares":true,"showImageEffects":true,"showParticleSystems":true},"in2DMode":false,"pivot":{"x":-5.25098991394043,"y":0.09221696853637696,"z":9.869955062866211},"rotation":{"x":0.17590025067329408,"y":-0.34896835684776308,"z":0.06688632816076279,"w":0.9180809855461121},"size":13.916505813598633,"orthographic":false}