{"cameraMode":{"drawMode":0,"name":"Shaded","section":"Shading Mode"},"sceneLighting":false,"audioPlay":false,"sceneViewState":{"showFog":true,"showMaterialUpdate":false,"showSkybox":false,"showFlares":true,"showImageEffects":true,"showParticleSystems":true},"in2DMode":false,"pivot":{"x":0.03591689467430115,"y":0.291358083486557,"z":0.017607778310775758},"rotation":{"x":0.19852903485298158,"y":0.64857417345047,"z":-0.1807447224855423,"w":0.7122611403465271},"size":3.3120522499084474,"orthographic":false}